{"name": "roberta-base-openai-detector", "predictions": {"real": [0.000191636398085393, 0.8879554867744446, 0.001184110646136105, 0.004602794535458088, 0.9847105145454407, 0.8696995377540588, 0.031646985560655594, 0.18256230652332306, 0.0003581428900361061, 0.00017657350690569729, 0.05893325433135033, 0.029655877500772476, 0.00019179140508640558, 0.003546572057530284, 0.9995645880699158, 0.9189184308052063, 0.842825174331665, 0.0055242301896214485, 0.0016322884475812316, 0.1465768814086914, 0.41600528359413147, 0.01017383299767971, 0.9104057550430298, 0.9000802040100098, 0.01858818158507347, 0.036321014165878296, 0.5035503506660461, 0.7713661193847656, 0.00039717243635095656, 0.07986333966255188, 0.0027032566722482443, 0.9684869647026062, 0.0018280822550877929, 0.00025803447351790965, 0.32275819778442383, 0.7629439234733582, 0.005356513895094395, 0.013233165256679058, 0.9869803786277771, 0.0748794674873352, 0.8003320097923279, 0.9838332533836365, 0.9856690168380737, 0.2882181406021118, 0.008869343437254429, 0.1177268996834755, 0.002901020459830761, 0.00026210185023956, 0.7296634912490845, 0.00027058698469772935, 0.0034614901524037123, 0.850374162197113, 0.0004421171615831554, 0.7456337809562683, 0.02134764939546585, 0.3468751013278961, 0.6285359859466553, 0.11865253746509552, 0.09849134832620621, 0.88020259141922, 0.00716848811134696, 0.3823762834072113, 0.019483592361211777, 0.3027425706386566, 0.0030434811487793922, 0.9524552822113037, 0.0003487342328298837, 0.00019349009380675852, 0.23519346117973328, 0.0002058772079180926, 0.0027603879570961, 0.875605046749115, 0.006146891973912716, 0.33242475986480713, 0.04579487442970276, 0.9989175796508789, 0.006915925536304712, 0.00032353392452932894, 0.002004635985940695, 0.09540543705224991, 0.2151641547679901, 0.8393862843513489, 0.011689097620546818, 0.012490153312683105, 0.19513706862926483, 0.0002759202616289258, 0.0008147163316607475, 0.7286242842674255, 0.994945228099823, 0.3436889052391052, 0.8652496933937073, 0.002862256485968828, 0.9976897239685059, 0.9651730060577393, 0.20814937353134155, 0.00016992763266898692, 0.5359567999839783, 0.11482326686382294, 0.8801512718200684, 0.08564188331365585], "samples": [0.964219868183136, 0.9997128844261169, 0.014413196593523026, 0.9998121857643127, 0.9847103953361511, 0.9919968247413635, 0.029713302850723267, 0.4484388530254364, 0.8983044028282166, 0.9998281002044678, 0.8859017491340637, 0.8906959295272827, 0.9998239874839783, 0.9998157620429993, 0.9998291730880737, 0.931708037853241, 0.9839596152305603, 0.8466975688934326, 0.9953383207321167, 0.14657650887966156, 0.266143262386322, 0.9990414977073669, 0.9918734431266785, 0.9282292127609253, 0.9998247027397156, 0.9059407114982605, 0.4214140474796295, 0.7713658213615417, 0.95707768201828, 0.1080334261059761, 0.9973769187927246, 0.9239813685417175, 0.9786681532859802, 0.9998257756233215, 0.5853641033172607, 0.8453696370124817, 0.9998049139976501, 0.0030385369900614023, 0.9634758830070496, 0.03888601064682007, 0.7596451640129089, 0.9785060286521912, 0.9867947697639465, 0.999789297580719, 0.9998266100883484, 0.9041153192520142, 0.9715061783790588, 0.9997643828392029, 0.9708629250526428, 0.9993682503700256, 0.9997914433479309, 0.9874710440635681, 0.9998213648796082, 0.9982831478118896, 0.9996047616004944, 0.9558400511741638, 0.7760857343673706, 0.9791126251220703, 0.8722637891769409, 0.9551703929901123, 0.9966586828231812, 0.8760899901390076, 0.012887541204690933, 0.9998248219490051, 0.25736138224601746, 0.9706530570983887, 0.9998069405555725, 0.8396846055984497, 0.3575076460838318, 0.5444270372390747, 0.9307307004928589, 0.9818233251571655, 0.02073255367577076, 0.9629634618759155, 0.04051485285162926, 0.9997316002845764, 0.9514217972755432, 0.9997689127922058, 0.0011164118768647313, 0.028708793222904205, 0.1455277055501938, 0.731002688407898, 0.9991405010223389, 0.01069417130202055, 0.2721450924873352, 0.44134825468063354, 0.9998267292976379, 0.9799469113349915, 0.9705943465232849, 0.9304929375648499, 0.9997588992118835, 0.009471665136516094, 0.9988622665405273, 0.9997972846031189, 0.99970942735672, 0.9998117089271545, 0.9998284578323364, 0.335281103849411, 0.9998257756233215, 0.12965382635593414]}, "info": {"n_samples": 100}, "metrics": {"roc_auc": 0.8246999999999999, "fpr": [0.0, 0.0, 0.0, 0.0, 0.0, 0.01, 0.01, 0.02, 0.02, 0.03, 0.03, 0.04, 0.04, 0.05, 0.05, 0.07, 0.07, 0.08, 0.08, 0.1, 0.1, 0.11, 0.11, 0.13, 0.13, 0.14, 0.14, 0.15, 0.15, 0.17, 0.17, 0.18, 0.18, 0.21, 0.21, 0.22, 0.22, 0.24, 0.24, 0.25, 0.25, 0.26, 0.26, 0.27, 0.27, 0.3, 0.3, 0.32, 0.32, 0.34, 0.34, 0.36, 0.36, 0.4, 0.4, 0.46, 0.46, 0.49, 0.49, 0.56, 0.56, 0.58, 0.58, 0.59, 0.59, 0.6, 0.6, 0.62, 0.62, 0.63, 0.63, 0.65, 0.65, 0.66, 0.66, 0.76, 0.76, 0.84, 0.84, 1.0], "tpr": [0.0, 0.01, 0.05, 0.07, 0.26, 0.26, 0.29, 0.29, 0.31, 0.31, 0.34, 0.34, 0.37, 0.37, 0.38, 0.38, 0.4, 0.4, 0.49, 0.49, 0.55, 0.55, 0.61, 0.61, 0.63, 0.63, 0.65, 0.65, 0.66, 0.66, 0.67, 0.67, 0.68, 0.68, 0.7, 0.7, 0.71, 0.71, 0.72, 0.72, 0.73, 0.73, 0.74, 0.74, 0.75, 0.75, 0.77, 0.77, 0.8, 0.8, 0.81, 0.81, 0.82, 0.82, 0.85, 0.85, 0.88, 0.88, 0.89, 0.89, 0.91, 0.91, 0.92, 0.92, 0.93, 0.93, 0.94, 0.94, 0.95, 0.95, 0.96, 0.96, 0.97, 0.97, 0.98, 0.98, 0.99, 0.99, 1.0, 1.0]}, "pr_metrics": {"pr_auc": 0.8360699213816076,