{"name": "roberta-large-openai-detector", "predictions": {"real": [0.0009043437894433737, 0.09424643218517303, 0.019117185845971107, 0.00046718819066882133, 0.49673667550086975, 0.23203906416893005, 0.07730492949485779, 0.013843303546309471, 0.07551011443138123, 0.0010777069255709648, 0.02340293675661087, 0.005657195579260588, 0.0006798292160965502, 0.003509218106046319, 0.587754487991333, 0.668699324131012, 0.7645769715309143, 0.0024306538980454206, 0.007544523570686579, 0.506672203540802, 0.04219071939587593, 0.0008331029093824327, 0.06472230702638626, 0.6610168814659119, 0.20929117500782013, 0.00046730891335755587, 0.23237018287181854, 0.10831456631422043, 0.01956905797123909, 0.1935158371925354, 0.0017264843918383121, 0.46295905113220215, 0.016458116471767426, 0.0004934963071718812, 0.2563917934894562, 0.5314608216285706, 0.0009477441199123859, 0.411312073469162, 0.10313432663679123, 0.041926153004169464, 0.6059691309928894, 0.5059800148010254, 0.40356215834617615, 0.03556375950574875, 0.1245632916688919, 0.7881959676742554, 0.0286908820271492, 0.0005383800598792732, 0.2657490670681, 0.0007051562424749136, 0.0184791199862957, 0.038445089012384415, 0.00045684431097470224, 0.003998057916760445, 0.08617783337831497, 0.3164479732513428, 0.3436849117279053, 0.05734638124704361, 0.3596224784851074, 0.019454864785075188, 0.17425943911075592, 0.10646337270736694, 0.02067328430712223, 0.0033295946195721626, 0.0073982784524559975, 0.21809372305870056, 0.0011480083921924233, 0.0006131728878244758, 0.40997645258903503, 0.0011628345819190145, 0.012806973420083523, 0.32853734493255615, 0.008755703456699848, 0.7017675638198853, 0.13154762983322144, 0.30531445145606995, 0.000995506881736219, 0.0006022982415743172, 0.008258864283561707, 0.1517322063446045, 0.09933561831712723, 0.5305238962173462, 0.054413050413131714, 0.17060896754264832, 0.02303168550133705, 0.0005826673004776239, 0.06551947444677353, 0.04813830181956291, 0.7388045787811279, 0.5056020617485046, 0.5281854271888733, 0.01791585050523281, 0.6600269079208374, 0.01000047568231821, 0.014706535264849663, 0.0007060754578560591, 0.002437169896438718, 0.7106167674064636, 0.5016831159591675, 0.11584281921386719], "samples": [0.9867731928825378, 0.9973942041397095, 0.7935970425605774, 0.999472439289093, 0.49673789739608765, 0.3270432949066162, 0.06520324945449829, 0.10410111397504807, 0.9929028153419495, 0.9996225833892822, 0.6422980427742004, 0.48931458592414856, 0.9993473887443542, 0.9827752709388733, 0.9996702671051025, 0.7550637722015381, 0.8301960229873657, 0.7664855718612671, 0.9206746220588684, 0.506672203540802, 0.0593327097594738, 0.9727124571800232, 0.19749924540519714, 0.7873887419700623, 0.9997401833534241, 0.8835245370864868, 0.2155643105506897, 0.1083143800497055, 0.977164089679718, 0.14474835991859436, 0.9809004664421082, 0.5325832962989807, 0.999288022518158, 0.9992555975914001, 0.24757160246372223, 0.8632275462150574, 0.9995488524436951, 0.3968851566314697, 0.7208417654037476, 0.03969316929578781, 0.5964004993438721, 0.529022216796875, 0.8704403638839722, 0.9979493021965027, 0.9995131492614746, 0.9252618551254272, 0.3177858591079712, 0.9997285008430481, 0.6818872690200806, 0.9996688365936279, 0.9997331500053406, 0.8044190406799316, 0.9996042847633362, 0.3999236822128296, 0.980527400970459, 0.32626909017562866, 0.9418286681175232, 0.8475192189216614, 0.9787853956222534, 0.08213211596012115, 0.9709087610244751, 0.6601426601409912, 0.033524107187986374, 0.9996377229690552, 0.04886520653963089, 0.3148626685142517, 0.9996960163116455, 0.9835906624794006, 0.42070063948631287, 0.8450323939323425, 0.9967129230499268, 0.353301465511322, 0.37389621138572693, 0.8760585784912109, 0.12921173870563507, 0.9073339104652405, 0.9990642666816711, 0.9947697520256042, 0.006765289697796106, 0.06292980909347534, 0.09370841085910797, 0.4705822765827179, 0.9779016971588135, 0.13735206425189972, 0.23953966796398163, 0.9417306780815125, 0.9997435212135315, 0.7193483710289001, 0.4172265827655792, 0.9920623302459717, 0.9996970891952515, 0.029136449098587036, 0.9944847226142883, 0.911013126373291, 0.9996047616004944, 0.999743640422821, 0.9994580149650574, 0.7931523323059082, 0.9997267127037048, 0.10313671082258224]}, "info": {"n_samples": 100}, "metrics": {"roc_auc": 0.87485, "fpr": [0.0, 0.0, 0.0, 0.01, 0.01, 0.02, 0.02, 0.03, 0.03, 0.05, 0.05, 0.07, 0.07, 0.08, 0.08, 0.09, 0.09, 0.1, 0.1, 0.12, 0.12, 0.13, 0.14, 0.17, 0.17, 0.18, 0.18, 0.19, 0.19, 0.22, 0.22, 0.23, 0.23, 0.25, 0.25, 0.26, 0.26, 0.29, 0.29, 0.32, 0.32, 0.33, 0.33, 0.37, 0.37, 0.38, 0.38, 0.41, 0.41, 0.42, 0.42, 0.45, 0.45, 0.46, 0.46, 0.49, 0.49, 0.5, 0.5, 0.52, 0.52, 0.55, 0.55, 0.57, 0.57, 0.75, 0.75, 1.0], "tpr": [0.0, 0.01, 0.55, 0.55, 0.57, 0.57, 0.58, 0.58, 0.6, 0.6, 0.61, 0.61, 0.62, 0.62, 0.63, 0.63, 0.64, 0.64, 0.65, 0.65, 0.66, 0.66, 0.67, 0.67, 0.68, 0.68, 0.7, 0.7, 0.72, 0.72, 0.75, 0.75, 0.76, 0.76, 0.79, 0.79, 0.8, 0.8, 0.82, 0.82, 0.83, 0.83, 0.84, 0.84, 0.86, 0.86, 0.87, 0.87, 0.88, 0.88, 0.9, 0.9, 0.91, 0.91, 0.92, 0.92, 0.93, 0.93, 0.95, 0.95, 0.96, 0.96, 0.97, 0.97, 0.99, 0.99, 1.0, 1.0]}, "pr_metrics": {"pr_auc": 0.894699482114096,